-- phpMyAdmin SQL Dump
-- version 5.1.1
-- https://www.phpmyadmin.net/
--
-- Host: 127.0.0.1
-- Generation Time: Nov 11, 2021 at 03:33 PM
-- Server version: 10.4.21-MariaDB
-- PHP Version: 7.3.31

SET SQL_MODE = "NO_AUTO_VALUE_ON_ZERO";
START TRANSACTION;
SET time_zone = "+00:00";


/*!40101 SET @OLD_CHARACTER_SET_CLIENT=@@CHARACTER_SET_CLIENT */;
/*!40101 SET @OLD_CHARACTER_SET_RESULTS=@@CHARACTER_SET_RESULTS */;
/*!40101 SET @OLD_COLLATION_CONNECTION=@@COLLATION_CONNECTION */;
/*!40101 SET NAMES utf8mb4 */;

--
-- Database: `dashboard`
--

-- --------------------------------------------------------

--
-- Table structure for table `categories`
--

CREATE TABLE `categories` (
  `ID` int(11) NOT NULL,
  `title` varchar(255) NOT NULL,
  `descriptions` text NOT NULL,
  `status` enum('0','1') NOT NULL,
  `create_at` timestamp NULL DEFAULT NULL,
  `update_at` timestamp NULL DEFAULT NULL
) ENGINE=InnoDB DEFAULT CHARSET=utf8;

--
-- Dumping data for table `categories`
--

INSERT INTO `categories` (`ID`, `title`, `descriptions`, `status`, `create_at`, `update_at`) VALUES
(1, 'Android Games', 'They take the video game designer\'s ideas, drawings, rules, and turn them into a playable game with visuals and sound through writing code. The work of a games developer typically involves: Looking at the design specifications of video game designers. Writing code to turn the designer\'s concepts into a playable game.\r\n', '1', '2021-09-12 19:59:06', NULL),
(2, 'PC Games', 'Video game developers, also known as game developers, are responsible for designing and developing video games for PC, console, and mobile applications. Their job is to code the base engine from the ideas of the design team. They may also be involved in character design, level design, animation, and unit testing.\r\n', '1', '2021-09-12 20:00:31', NULL),
(3, 'Software Apps', 'In information technology, an application (app), application program or application software is a computer program designed to help people perform an activity. Depending on the activity for which it was designed, an application can manipulate text, numbers, audio, graphics, and a combination of these elements.\r\n', '1', '2021-09-12 20:00:58', NULL);

-- --------------------------------------------------------

--
-- Table structure for table `comments`
--

CREATE TABLE `comments` (
  `ID` int(11) NOT NULL,
  `comment` text NOT NULL,
  `status` enum('0','1') NOT NULL,
  `user_id` int(11) NOT NULL,
  `post_id` int(11) NOT NULL,
  `create_at` timestamp NULL DEFAULT NULL,
  `update_at` timestamp NULL DEFAULT NULL
) ENGINE=InnoDB DEFAULT CHARSET=utf8;

--
-- Dumping data for table `comments`
--

INSERT INTO `comments` (`ID`, `comment`, `status`, `user_id`, `post_id`, `create_at`, `update_at`) VALUES
(2, 'this is amazing game I playing in my life  for pc', '1', 2, 2, '2021-09-12 20:16:44', NULL),
(7, 'this is amazing program thanks for ever', '1', 2, 15, '2021-10-13 00:20:53', NULL);

-- --------------------------------------------------------

--
-- Table structure for table `posts`
--

CREATE TABLE `posts` (
  `ID` int(11) NOT NULL,
  `postname` varchar(255) NOT NULL,
  `descriptions` text NOT NULL,
  `image` varchar(255) DEFAULT NULL,
  `user_id` int(11) NOT NULL,
  `categories_id` int(11) NOT NULL,
  `status` enum('0','1') NOT NULL,
  `create_at` timestamp NULL DEFAULT NULL,
  `update_at` timestamp NULL DEFAULT NULL
) ENGINE=InnoDB DEFAULT CHARSET=utf8;

--
-- Dumping data for table `posts`
--

INSERT INTO `posts` (`ID`, `postname`, `descriptions`, `image`, `user_id`, `categories_id`, `status`, `create_at`, `update_at`) VALUES
(2, ' Demon’s Souls: Black Phantom Edition RPCS3 Emu Essential Mods Multiplayer - Repack\r\n\r\n', 'جميلة ومقنعة وفي بعض الأحيان لا ترحم ، Demon’s Souls هي تجربة RPG القوية التي ينتظرها مالكو PS3 منذ إطلاق النظام الأساسي. تحدد الميزات الثورية عبر الإنترنت مغامرتك بشكل لم يسبق له مثيل ، وتقدم اتصالاً سلسًا يعمل في كل حالة لتحسين لعبة اللاعب الفردي. لعبة Demon’s Souls هي لعبة تقمص أدوار لا مثيل لها من حيث العمق والبراعة ، ومنقطعة النظير في أسلوب اللعب الصعب الذي لا هوادة فيه.\r\n\r\nمميزات اللعبه:\r\n\r\nفي نهاية المطاف التحدي آر بي جي المتشددين\r\n\r\nفي هذه الأرض الوحشية ، الموت حتمي ، لكنه ليس نهائيًا. من خلال الجمع بين أفضل ميزات لعبة الحركة و RPG ، ستعمل على تقطيع وتحطيم وإطلاق النار وإلقاء السحر ضد بعض من أفظع الأعداء الذين واجهتهم على الإطلاق. هل أنت قوي بما يكفي لمواجهة المستحيل والفوز؟\r\n\r\nقدرات رائدة على الإنترنت - تتجاوز ميزات الشبكة أي لعبة تقمص أدوار سابقة ، مما يسمح للاعبين بترك تلميحات لبعضهم البعض ، أو إعادة عرض مشاهد الموت ، أو إحياء اللاعبين القتلى بشكل تعاوني ، أو الغزو وإحداث الفوضى في لعبة لاعب آخر. ليست مجرد ميزة إضافية ، خيارات اللاعبين المتعددين واسعة ، وتركز بشكل فريد على تغيير تجربة اللاعب الفردي وتكثيفها.\r\n\r\nشكل حر ومرن\r\n\r\nيعني الهيكل المفتوح للعبة أنه لا يوجد مسار واحد ، بل هناك ثروة من الخيارات. حدد وتيرتك الخاصة والتقدم كما تريد. قم ببناء الشخصية التي تريدها بالضبط من خلال إنشاء صورة رمزية مفصلة ، ورعاية الإحصائيات الصحيحة ، وتخصيص مهاراتك ومعداتك \".\r\n\r\nتعديلات جودة الحياة المضمنة\r\n\r\nإزالة المخطط التفصيلي الرمادي (يزيل الخطوط الرمادية المرئية حول بعض عناصر واجهة المستخدم الرسومية عند اللعب بترقية النطاق)\r\n\r\nHD Font (يستبدل الخط الأصلي بإصدار HD ، وهو أفضل لدرجات الدقة الحديثة)\r\n\r\nتعطيل توهج العدسة (تعطيل توهج العدسة وتأثيرات DoF)\r\n\r\nLens Flare & Bloom Disabled (كما هو مذكور أعلاه + تم تعطيل bloom أيضًا)\r\n\r\nحالة الإحصائيات من DS Remake (يستبدل الرموز والمطالبات بنسخها من إصدار PS5 لعام 2020)\r\n\r\nالتصحيحات غير الرسمية 3 (التوازن وتغييرات تصميم اللعبة)\r\n\r\nأيقونات Xbox - الخط القياسي (يستبدل مطالبات وحدة التحكم PS بأخرى Xbox ، مما يقلل التشويش عند اللعب باستخدام وحدة تحكم Xbox)\r\n\r\nأيقونات Xbox - خط HD (كما هو مذكور أعلاه ، ولكن مع تمكين خط HD)\r\n\r\nيرجى ملاحظة أنه لا يتم تنشيط هذه التعديلات للعبة بشكل افتراضي. يجب عليك نسخ مجلد \"BLES00932\" يدويًا من المجلد الفرعي \"_MODS\" لتنشيط الوضع المعين. تتوفر أيضًا ملفات النسخ الاحتياطي.\r\n\r\n\r\n\r\nGenres/Tags: RPG, Action RPG, Survival, Third-person, 3D\r\n\r\nCompanies: From Software, Atlus U.S.A.\r\n\r\nLanguages: RUS/ENG/MULTI6\r\n\r\nOriginal Size: 9.5 GB\r\n\r\nRepack Size: from 3.2 GB\r\n\r\n\r\n\r\nRepack Features\r\n\r\nBased on PS3 European BLES00932 ISO release: 8.4 GB\r\n\r\nBonus game guides (Official + Strategy) and soundtrack in MP3 320 KBPs added, 204 MB total\r\n\r\nA few essential game mods (80 MB) are available in _MODS folder after installation\r\n\r\nOptional Russian localization by Alliance (605 MB) added\r\n\r\nPS3 Firmware v4.88 (197 MB) added\r\n\r\nRPCS3 v0.0.17-12614 emulator with built-in updater included, so you can always keep the emu in the fresh condition\r\n\r\nThree patches activated by default: FPS unlock, Disable Dynamic Exposure, Skip Intro Videos. 2 more patches are available for activating\r\n\r\n100% Lossless & MD5 Perfect: all files are identical to originals after installation\r\n\r\nNOTHING ripped, NOTHING re-encoded\r\n\r\nSelective Download feature: you may skip downloading and installing of bonus content and Russian localization\r\n\r\nSignificantly smaller archive size (compressed from cumulative 9.5 to 3.2~3.8 GB, depending on selected components)\r\n\r\nInstallation takes 3-5 minutes (depending on your system and selected components)\r\n\r\nAfter-install integrity check so you could make sure that everything installed properly\r\n\r\nHDD space after installation: up to 8.7 GB\r\n\r\nAfter installing MULTi5 (non-Russian) version of the game language can be changed in emulator settings (RMB on game title –> Change Custom Configuration –> System –> Console Language)\r\n\r\nBy default some PS controller buttons are mapped to mouse, so you could play the game as any PC third-person slasher\r\n\r\nBy default the game runs in native 720p resolution, which you can increase in emu settings at cost of perfomance hit\r\n\r\nIf you have perfomance issues with configuring the emulator, use presets from “_Low Level Config” and “_Mid Level Config” folders\r\n\r\nSome emulator settings are CPU-dependant, so you should check them all and adjust accordingly to your configuration\r\n\r\nRepack uses XTool library by Razor12911\r\n\r\nAt least 2 GB of free RAM (inc. virtual) required for installing this repack', 'https://i1.imageban.ru/out/2021/08/08/ae63235823d6366957a82038cbb05f28.jpg', 2, 2, '1', '2021-09-12 20:05:24', NULL),
(4, ' Cyberpunk 2077 - v1.3 DLCs Bonus Content MULTi18 - Repack\r\n\r\n', 'Cyberpunk 2077 عبارة عن لعبة تقمص أدوار ومغامرة تجري أحداثها في مدينة Night City ، حيث يتم تقدير القوة والرفاهية وتعديل الجسم قبل كل شيء. أنت تلعب دور V ، مرتزق يبحث عن جهاز يتيح لك الحصول على الخلود. يمكنك تغيير الغرسات الإلكترونية والمهارات وأسلوب لعب شخصيتك ، واستكشاف العالم المفتوح ، حيث تؤثر أفعالك على مسار الحبكة وكل ما يحيط بك.\r\n\r\nمميزات اللعبه:\r\n\r\n• كن سايبربانك - مرتزقًا مجهزًا بالزرع - واصنع لنفسك اسمًا في شوارع Night City.\r\n\r\n• استكشف عالم Night City الواسع ، الذي يبدو أكثر إشراقًا وتعقيدًا وأعمق من أي شيء رأيته من قبل.\r\n\r\n• قم بأخطر مهمة في حياتك وابحث عن نموذج أولي للزرع ، مما يتيح لك الحصول على الخلود.\r\n\r\n\r\n\r\n\r\n\r\nCyberpunk 2077 (v1.3 + DLCs + Bonus Content + MULTi18) (From 37.2 GB)\r\n\r\n\r\n\r\nYear of release : December 10. 2020\r\n\r\nGenre: Action / Cyberpunk / Open World / RPG / Futuristic / Sci-fi\r\n\r\nDeveloper: CD PROJEKT RED.\r\n\r\nPublisher : CD PROJEKT RED\r\n\r\nPlatform : PC\r\n\r\n\r\n\r\nPublication type : RePack\r\n\r\nInterface language : Russian / English / MULTi18\r\n\r\nVoice language: Russian / English / MULTi11\r\n\r\nVersion : v1.3\r\n\r\nTablet: Present (CODEX)\r\n\r\n\r\n\r\nSYSTEM REQUIREMENTS:\r\n\r\nMinimum system requirements:\r\n\r\n- Requires 64-bit processor and operating system\r\n\r\n- OS: Windows 7\r\n\r\n- Processor: Intel Core i5-3570K / AMD FX-8310\r\n\r\n- RAM: 8 GB of RAM\r\n\r\n- Video card: NVIDIA GeForce GTX 780 or AMD Radeon RX 470, DirectX 12\r\n\r\n- Disk space: 113 GB\r\n\r\n- Optional: Recommended to install on SSD\r\n\r\n\r\n\r\nHow to install\r\n\r\n1- Run the installer as administrator\r\n\r\n2- Click on page\r\n\r\n3- Press the up arrow on your keyboard\r\n\r\n4- Click Install\r\n\r\n5- Click Continue\r\n\r\n6- Select installation destination\r\n\r\n7- Click Next\r\n\r\n8- Select component\r\n\r\n9- Install\r\n\r\n\r\n\r\nRepack Features\r\n\r\n\r\n\r\nBased on :\r\n\r\n- Cyberpunk.2077.v1.3-CODEX ISO Release: codex-cyberpunk.2077.v1.3.iso (55.3 GB)\r\n\r\n- Cyberpunk.2077.Language.Pack.v1.3-CODEX (46 GB)\r\n\r\nGame version: v1.3\r\n\r\nLanguage : Multi18\r\n\r\nAudio : Multi11\r\n\r\nYou can change the language in game settings\r\n\r\nEnglish Language is included by default\r\n\r\nSelective Download Feature : you can skip downloading and installing Language Packs you don\'t need and Bonus Content\r\n\r\nRepack Size : From 37.2 GB\r\n\r\nFinal Size : 111 GB\r\n\r\nLossless repack , Nothing removed OR re-encoded\r\n\r\nInstall Time : 30 - 120 mins', 'https://i0.wp.com/tudotorrent.com/wp-content/uploads/2021/01/6364cf1eb34c8990d4d2a665d8b15069.jpg?fit=383%2C500&ssl=1', 1, 2, '1', '2021-09-13 15:58:15', NULL),
(6, 'Adobe Photoshop 2021 v22.5 Neural Filters للماك\r\n\r\n', 'Adobe Photoshop 2021, the industry standard for digital image processing and editing, delivers a comprehensive package of professional retouching tools, and is packed with powerful editing features designed to inspire.\r\n\r\nIf you can think it, you can make it with Photoshop, the world’s best imaging and graphic design software. Create and enhance photographs, illustrations, and 3D artwork. Design websites and mobile apps. Edit videos, simulate real-life paintings, and more. It’s everything you need to make any idea real.\r\n\r\nDesigned for anyone to design anything.\r\n\r\nFrom posters to packaging, basic banners to beautiful websites, unforgettable logos to eye-catching icons, Photoshop keeps the creative world moving. With intuitive tools and easy-to-use templates, even beginners can make something amazing.\r\n\r\nNot just photo taking. Breathtaking.\r\n\r\nWhether you’re looking for everyday edits or total transformations, our graphic design software offers a complete set of professional photography tools to turn your snapshots into works of art. Adjust, crop, remove objects, retouch, and repair old photos. Play with color, effects, and more to turn the ordinary into something extraordinary.\r\n\r\nPower to the paintbrush.\r\n\r\nDraw and paint whatever you dream up with tools designed especially for illustrators. Paint in perfectly symmetrical patterns. Get polished looks with stroke smoothing. And create with pencils, pens, markers, and brushes that feel real — including more than 1,000 from celebrated illustrator Kyle T. Webster.\r\n\r\nWhat’s New:\r\n\r\nVersion 22.4:\r\n\r\nNote: The downloadable file is an installer that will install the product when opened.\r\n\r\nSave a Copy:\r\n\r\nNeed to save a copy of your work with a different name or file format? Use File > Save a Copy option and save a version in the format of your choice.\r\nImproved Neural Filters:\r\n\r\nNeural Filters got even better! Easily use Colorize to effortlessly bring life to gray images, or Depth Blur to realistically blur backgrounds in a snap.\r\nFixed issues:\r\n\r\nPerspective warp broken in Photoshop 22.3.1\r\nPen tool not working properly in Photoshop 22.3\r\nPhotoshop erroneously shows Postscript error on launch\r\nPreset Sync causes memory issues syncing SVG based assets\r\nHistogram behaves differently on low resolution monitors\r\nKeyboard shortcut not working for Fit in Window operation\r\nWhen opening video files, ‘Media Server is not available’ error gets displayed\r\nPage order reversed when using PDF Presentation to export files\r\nPhotoshop lags when using any filter or image adjustment operation\r\nPhotoshop crashes when applying Lens Flare or Shear filters\r\nMissing file extension in Image processor\r\nIssue with Liquify filter with GPU enabled\r\nLanguage: Multilangual\r\n\r\nCompatibility: macOS 10.14 or later, 64-bit processor\r\n\r\nHomepage https://www.adobe.com', 'https://torrent-mac.com/wp-content/uploads/2020/01/Adobe-Photoshop-CC-2020-MacOSX-Free-Download.png', 6, 3, '1', '2021-09-15 00:35:07', NULL),
(8, ' Persona 5 29 DLCs OST RPCS3 Emu Essential/HD/4K Mods - Repack\r\n\r\n', 'Persona 5 هي لعبة تدور حول الصراعات الداخلية والخارجية لمجموعة من طلاب المدارس الثانوية المضطربة - بطل الرواية ومجموعة من مواطنيه الذين يلتقي بهم في قصة اللعبة - الذين يعيشون حياة مزدوجة مثل Phantom Thieves. لديهم الحياة اليومية العادية لطالب مدرسة ثانوية في طوكيو - يحضرون الفصل وأنشطة ما بعد المدرسة ووظائف بدوام جزئي. لكنهم يخوضون أيضًا مغامرات خيالية باستخدام قوى دنيوية أخرى لدخول قلوب الناس. قوتهم تأتي من شخصية ، المفهوم اليونغي \"للذات\". يدرك أبطال اللعبة أن المجتمع يجبر الناس على ارتداء أقنعة لحماية نقاط ضعفهم الداخلية ، ومن خلال نزع القناع الواقي ومواجهة ذواتهم الداخلية حرفيًا ، يوقظ الأبطال قوتهم الداخلية ، ويستخدمونها للسعي لمساعدة المحتاجين. في نهاية المطاف ، تسعى مجموعة Phantom Thieves إلى تغيير عالمهم اليومي لمطابقة تصورهم ورؤية الأقنعة التي يرتديها المجتمع المعاصر.\r\n\r\nتضمين DLC\r\n\r\nشعار الذكرى العشرين للسيارة Morgana Car Sticker\r\n\r\nمجموعة أريادن وأريادن بيكارو\r\n\r\nمجموعة أستريوس وأستيريوس بياكارو\r\n\r\nزي كاثرين ومجموعة خاصة BGM\r\n\r\nمجموعة زي عيد الميلاد\r\n\r\nمستدعي الشيطان - زي Raidou Kuzunoha ومجموعة BGM الخاصة\r\n\r\nمجموعة العناصر الشافية\r\n\r\nمجموعة Izanagi و Izanagi Picaro\r\n\r\nالتعليقات الصوتية اليابانية\r\n\r\nطقم كاغويا وكاجويا بيكارو\r\n\r\nمجموعة Magatsu Izanagi و Magatsu Izanagi Picaro\r\n\r\nمجموعة زي الخادمة والخادم\r\n\r\nصعوبة لا ترحم\r\n\r\nمجموعة المسيح والمسيح Picaro\r\n\r\nمجموعة Orpheus & Orpheus Picaro\r\n\r\nأزياء شخصية 2 ومجموعة خاصة BGM\r\n\r\nمجموعة أزياء شخصية 3 ومجموعة خاصة BGM\r\n\r\nأزياء بيرسونا 4 أرينا أولتيماكس ومجموعة بي جي إم الخاصة\r\n\r\nمجموعة أزياء شخصية 4 ومجموعة خاصة BGM\r\n\r\nبيرسونا 4 زي الرقص طوال الليل ومجموعة BGM الخاصة\r\n\r\nملصق سيارة مورجانا بشعار لصوص فانتوم\r\n\r\nمجموعة الملابس العادية والزي المدرسي\r\n\r\nRevelations - أزياء شخصية ومجموعة خاصة BGM\r\n\r\nShin Megami Tensei if… Costume & BGM Special Set\r\n\r\nزي Shin Megami Tensei IV ومجموعة BGM الخاصة\r\n\r\nمجموعة بطاقة المهارة\r\n\r\nمجموعة ملابس السباحة\r\n\r\nمجموعة ثاناتوس وثاناتوس بيكارو\r\n\r\nمجموعة Tsukiyomi & Tsukiyomi Picaro\r\n\r\nتضمين تعديل\r\n\r\nBustup Scalable Mod by lipwig، 275 MB\r\n\r\nموجهات زر PS4 v1.0 ، من DniweTamp ، 4 ميجا بايت\r\n\r\nمطالبات زر اكس بوكس ​​ون ، من دنيوي تامب ، 12 ميجا بايت\r\n\r\nموجهات زر التبديل الإصدار 1.0 ، من DniweTamp ، 12 ميجا بايت\r\n\r\nBackport الترجمة الإسبانية من PS5 ، بواسطة SeppNel ، v2.7 ، 378 ميغابايت\r\n\r\nلغة روسية من صنع المروحة (تحت إشراف ميلومان) ، الإصدار 18.04.21 ، 11.5 جيجابايت\r\n\r\nFull 4K UI Upscale v1.2.1 ، بواسطة Rexis ، 8.5 جيجا بايت\r\n\r\nقوام عالي الدقة HD2x لـ P5 Update 7 ، من Zelkin ، 8.5 جيجابايت\r\n\r\nيرجى ملاحظة أنه لا يمكن إقران تعديل 4K إلا مع تعديل القوام HD2x ويعمل فقط مع بنية RPCS3 الخاصة ، في حين يمكن دمج جميع التعديلات الأخرى مع بعضها البعض ومع تعديل مواد HD2x أيضًا.\r\n\r\nيمنحك برنامج التثبيت خيارات تثبيت اللعبة: 1) في وضع الفانيليا / عدم التعديل 2) مع التعديلات القياسية 3) مع تعديل 4K\r\n\r\n\r\n\r\nGenres/Tags: RPG, Third-person, 3D, Japanese\r\n\r\nCompanies: P Studio, Atlus\r\n\r\nLanguages: RUS/ENG/MULTI3\r\n\r\nOriginal Size: 49.2 GB\r\n\r\nRepack Size: from 8.6 GB\r\n\r\n\r\n\r\nRepack Features\r\n\r\nMicrosoft C++ Redist 2010 and NET Framework 4.0 MUST be installed on your OS prior to this repack installation\r\n\r\nBased on PS3 digital PSN NPEB02436 release: 16.6 GB\r\n\r\nAll 29 DLCs are installed over and activated (2.7 GB)\r\n\r\nBonus soundtrack in MP3 (556 MB) added\r\n\r\nPS3 Firmware v4.88 (197 MB) added\r\n\r\nTwo builds of RPCS3 emulator are included: v0.0.17-12640 emulator with built-in updater for vanilla build or standard mods installation, and custom modified v0.0.10-10406 with enhanced VRAM for 4K UI mod support\r\n\r\nSome emu patches are activated by default: 60 FPS support, mods support and intro skipping\r\n\r\n100% Lossless & MD5 Perfect: all files are identical to originals after installation (when installed with Japanese voiceovers)\r\n\r\nSelective Download feature: you may skip downloading and installing of optional Japanese VO pack, 4K and HD2x mods, Russian localization mod and bonus soundtrack. All other smaller mods are included in base installation files\r\n\r\nSignificantly smaller archive size (compressed from cumulative 49.2 to 8.6~13.3 GB, depending on selected components)\r\n\r\nInstallation takes 10-55 minutes (depending on your system and selected components)\r\n\r\nAfter-install integrity check so you could make sure that everything installed properly\r\n\r\nHDD space after installation: up up to 39 GB (up to 53.1 GB during installation)\r\n\r\nBy default the game runs in upscaled 1440p resolution, which you can decrease/increase in emu settings\r\n\r\nSome emulator settings are CPU-dependant, so you should check them all and adjust accordingly to your configuration. Don’t forget to clean all caches for the game after any CPU/GPU setting changes\r\n\r\nIf the default “setup.exe” doesn’t run for you, use “setup-no-bins-check.exe”, but make sure you have optional bins downloaded before checking them in the installer\r\n\r\nRepack uses XTool library by Razor12911\r\n\r\nAt least 2 GB of free RAM (inc. virtual) required for installing this repac', 'https://i5.imageban.ru/out/2021/08/16/a22f30797f3e63733bfe44e4c9553ced.jpg', 2, 2, '1', '2021-09-18 01:24:13', NULL),
(9, 'Grand Theft Auto: Vice City 10 Year Anniversary PC Edition V1.0 - Repack\r\n\r\n', 'مرحبا بكم في فايس سيتي. مرحبًا بكم في الثمانينيات.\r\n\r\nمن عقد من الشعر الكبير ، والبدلات الزائدة والباستيل تأتي قصة صعود رجل إلى قمة كومة المجرمين. كانت مدينة فايس سيتي ، وهي امتداد حضري ضخم يمتد من الشاطئ إلى المستنقعات واللمسات الساحرة إلى الحي اليهودي ، واحدة من أكثر المدن الرقمية تنوعًا واكتمالًا وحيوية على الإطلاق. من خلال الجمع بين أسلوب اللعب في العالم المفتوح والقصة التي تحركها الشخصية ، تصل إلى مدينة مليئة بالبهجة والانحطاط وتمنحك الفرصة للاستيلاء عليها كما تختار.\r\n\r\nبعد أن عاد للتو إلى شوارع Liberty City بعد فترة طويلة في أقصى درجات الأمان ، تم إرسال Tommy Vercetti إلى Vice City من قبل رئيسه القديم ، Sonny Forelli. لقد كانوا قلقين بشكل مفهوم بشأن ظهوره مرة أخرى في ليبرتي سيتي ، لذلك بدت رحلة إلى الجنوب فكرة جيدة. لكن كل شيء لا يسير بسلاسة عند وصوله إلى مدينة نائب المدينة الفاتنة والمتعة. لقد تم إعداده ولم يتبق منه مال ولا سلع. يريد Sonny استرداد أمواله ، لكن عصابات راكبي الدراجات النارية ورجال العصابات الكوبيين والسياسيين الفاسدين يقفون في طريقه. يبدو أن معظم نائب المدينة يريدون موت تومي. جوابه الوحيد هو المقاومة والسيطرة على المدينة بنفسه.\r\n\r\n\r\n\r\nLanguage: English\r\n\r\nTotal size: 1.1 GB\r\n\r\nGENRE: Action\r\n\r\nDEVELOPER: Rockstar Games\r\n\r\nPUBLISHER: Rockstar Games\r\n\r\nRELEASE DATE: 13 May, 2003\r\n\r\n\r\n\r\n\r\n\r\nRepack Features\r\n\r\n\r\n\r\nGrand Theft Auto: Vice City 10 Year Anniversary PC Edition is total conversion that research mobile and xbox feature to PC version of GTA Vice City\r\n\r\nGame version: v1.0\r\n\r\nTextures greatly improved\r\n\r\nLanguage : English, French, German, Italian, Spanish\r\n\r\nlanguage can be changed in the game settings\r\n\r\nRepack Size : 1.1 GB\r\n\r\nFinal Size : 2 GB\r\n\r\nLossless repack , Nothing removed OR re-encoded\r\n\r\nInstall Time : less than a minute', 'https://repacklab.com/wp-content/uploads/2020/12/Grand-Theft-Auto-Vice-City-Free-Download-Repacklab-2-200x315.jpg', 6, 2, '1', '2021-09-18 01:28:21', NULL),
(11, ' Bravely Default II Yuzu/Ryujinx Emus for PC - Repack\r\n\r\n', 'أربعة أبطال وأربع بلورات - مغامرة أسطورية واحدة!\r\n\r\nانضم إلى Heroes of Light في سعيهم الكبير لإعادة التوازن إلى العالم في لعبة BRAVELY DEFAULT II لجهاز Nintendo Switch!\r\n\r\nقُد مجموعتك في رحلة عبر خمس ممالك بينما تسعى لإعادة البلورات إلى موطنها الصحيح. استخدم العلامات النجمية لفتح الوظائف والقدرات التي ستتيح لك التعامل مع جميع أنواع الوحوش ، وتأكد من استخدام الأمرين Brave و Default لإدارة التوازن الدقيق للمخاطر والمكافآت!\r\n\r\nالعالم في أزمة. الفيضانات ، ارتفاع درجات الحرارة ، خرجت الطبيعة عن السيطرة - سرقة البلورات تهدد جميع الكائنات الحية. ومع ذلك ، هناك أمل في شكل أبطال النور: أربعة محاربين أسطوريين يمكنهم إعادة العناصر إلى التوازن.\r\n\r\nتابع بطل الرواية Seth ورفاقه Gloria و Elvis و Adelle أثناء سفرهم عبر أرض Excillant النابضة بالحياة. تسخير قواهم المشتركة لهزيمة الشياطين الذين سرقوا البلورات ، وقمع الفوضى التي تهدد بتمزيق العالم!\r\n\r\n\r\n\r\nGenres/Tags: RPG, 3D, Japanese, Turn-based\r\n\r\nCompanies: Square Enix, Nintendo\r\n\r\nLanguages: ENG/MULTI9\r\n\r\nOriginal Size: 12.8 GB\r\n\r\nRepack Size: 8.1 GB\r\n\r\n\r\n\r\nRepack Features\r\n\r\nBased on Nintendp Switch digital release: 12.4 GB\r\n\r\nTwo Switch emulators are included: Yuzu (Early Access v1991, August 12, 2021, 83 MB) and Ryujinx (v1.0.6996, August 12, 2021, 47 MB) are included\r\n\r\nSwitch Firmware v12.0.3 (317 MB) added as a requirement for Ryujinx\r\n\r\n100% Lossless, but NOT MD5 Perfect: encryption was removed for better repack size\r\n\r\nNOTHING ripped, NOTHING re-encoded\r\n\r\nTest both emus and use the one which performs better on your system\r\n\r\nSmaller archive size (compressed from cumulative 12.8 to 8.1 GB)\r\n\r\nInstallation takes 3-15 minutes (depending on your system)\r\n\r\nAfter-install integrity check so you could make sure that everything installed properly\r\n\r\nHDD space after installation: 13 GB\r\n\r\nLanguage can be changed in game settings\r\n\r\nAt least 2 GB of free RAM (inc. virtual) required for installing this repack\r\n\r\n', 'https://i4.imageban.ru/out/2021/08/13/4afad474cc12680e9ad3ff23f321d6f1.jpg', 17, 2, '1', '2021-09-18 01:28:21', NULL),
(12, ' NEO: The World Ends with You v1.01 2 DLCs Yuzu/Ryujinx Emus for PC - Repack\r\n\r\n', 'Genres/Tags: RPG, Third-person, 3D, Japanese\r\n\r\nCompany: h.a.n.d., Square Enix\r\n\r\nLanguage: ENG/MULTI6\r\n\r\nOriginal Size: 8.3 GB\r\n\r\nRepack Size: from 4.8 GB \r\n\r\n\r\n\r\nRepack Features\r\n\r\nBased on NEO_The_World_Ends_with_You_NSW-HR Switch scene release: hr-a2wla.xci (7,985,954,816 bytes)\r\n\r\nNEO_The_World_Ends_with_You_Update_v1.01_NSW-HR (457 MB) & NEO_The_World_Ends_with_You_DLC_Unlocker_NSW-SUXXORS applied over\r\n\r\nTwo Switch emulators are included: Yuzu (Early Access v1951, July 31, 2021, 82 MB) and Ryujinx (v1.0.6976, July 24, 2021, 47 MB) are included\r\n\r\nSwitch Firmware v12.0.3 (317 MB) added as a requirement for Ryujinx\r\n\r\nGame version is v1.01, 2 DLCs are included and activated\r\n\r\n100% Lossless, but NOT MD5 Perfect: encryption was removed for better repack size\r\n\r\nNOTHING ripped, NOTHING re-encoded\r\n\r\nTest both emus and use the one which performs better on your system\r\n\r\nIf you plan to play on Ryujinx, you may try to adjust the following parameter: Settings/System/Memory Manager Mode –> Host (fast). Be advised that it may cause crashes on certain game areas\r\n\r\nSelective Download feature: you may skip downloading and installing of end credits video\r\n\r\nSmaller archive size (compressed from cumulative 8.3 to 4.8/5.2 GB)\r\n\r\nInstallation takes 7-17 minutes (depending on your system)\r\n\r\nAfter-install integrity check so you could make sure that everything installed properly\r\n\r\nHDD space after installation: 6.8 GB (12.5 GB during installation)\r\n\r\nLanguage can be changed in emulators settings\r\n\r\nAt least 2 GB of free RAM (inc. virtual) required for installing this repack\r\n\r\n\r\n\r\n\r\n\r\nلقد كان مجرد يوم آخر يبدو عاديًا في شيبويا - ولكن ليس لريندو. كان بإمكانه أن يقول شيئًا ما عن المدينة التي شعرت بأنها مختلفة.\r\n\r\nسرعان ما يجد نفسه عالقًا في تبادل إطلاق النار عن بُعد لمعركة نفسية تتكشف في معبر التدافع. وقبل أن يتمكن من التقاط أنفاسه ، تظهر أمامه فتاة ذات هالة مشؤومة وترحب به في ما يسمى بـ \"لعبة Reapers\".\r\n\r\nمع بعض الخوف ، يلعب Rindo وصديقه Fret معًا ، مقنعًا نفسيهما بأن \"اللعبة\" لا يمكن أن يكون لها أي عواقب وخيمة. ومع ذلك ، لم يمض وقت طويل حتى يبدأوا في التفكير مرة أخرى.\r\n\r\nكانت غريزة Rindo صحيحة: هناك شيء مختلف عن شيبويا هذه.\r\n\r\nتضمين DLC\r\n\r\nمجموعة الخيوط الأسطورية\r\n\r\nحصادة لعبة مجموعة البقاء على قيد الحياة', 'https://i2.imageban.ru/out/2021/08/02/789a019abac2724ef06f12d95ba21c39.jpg', 1, 2, '1', '2021-09-18 01:28:21', NULL),
(13, ' Resistance 2 RPCS3 Emu Offline Co-Op - Repack\r\n\r\n', 'Resistance 2  هي لعبة إطلاق نار ذات تاريخ بديل تضعك في الدور البطولي للرقيب. ناثان هيل\r\n\r\nبعد مشاهد افتتاحية وجيزة في لندن وأيسلندا ، تنتقل المعركة عبر العالم إلى الولايات المتحدة\r\n\r\nتشمل مخلوقات شيميران الجديدة الحرباء ، التي تتمتع بصلاحيات إخفاء الهوية ، وحيوان غريم ، وهو نوع يهاجم في جحافل.\r\n\r\nيتم تحميل الحملة التي تتخذ من الولايات المتحدة مقراً لها بأطنان من الأسلحة الجديدة لتعزيز تجربة اللعب الشاملة وتجربة إطلاق النار من منظور الشخص الأول\r\n\r\nتتضمن خيارات اللعب المثيرة للإعجاب وضع حملة تعاوني غير متصل بالإنترنت يمكن أن يستوعب لاعبين.\r\n\r\n\r\n\r\nGenres/Tags: Action, Shooter, First-person, 3D\r\n\r\nCompanies: Insomniac Games, Sony Computer Entertainment\r\n\r\nLanguages: ENG/MULTI13\r\n\r\nOriginal Size: 21.6 GB\r\n\r\nRepack Size: 5.4 GB\r\n\r\n\r\n\r\nRepack Features\r\n\r\nBased on digital PSN NPEA00431 release: 21.4 GB\r\n\r\nPS3 Firmware v4.88 (197 MB) added\r\n\r\nRPCS3 v0.0.17-12586 emulator with built-in updater included, so you can always keep the emu in the fresh condition; FPS unlock patch activated\r\n\r\n100% Lossless & MD5 Perfect: all files are identical to originals after installation\r\n\r\nNOTHING ripped, NOTHING re-encoded\r\n\r\nSignificantly smaller archive size (compressed from cumulative 21.6 to 5.4 GB)\r\n\r\nInstallation takes 7-15 minutes (depending on your system)\r\n\r\nAfter-install integrity check so you could make sure that everything installed properly\r\n\r\nHDD space after installation: 21.7 GB\r\n\r\nLanguage can be changed in emulator settings (RMB on game title –> Change Custom Configuration –> System –> Console Language)\r\n\r\nBy default some PS controller buttons are mapped to mouse, so you could play the game as any PC shooter. With LMB you can shoot, RMB throws a grenade and MMB reloads a current weapon. You can change those mappings in emulator settings – take a note on Mouse Acceleation/Deadzone settings to adjust the game for your system\r\n\r\nBy default the game runs in native 720p resolution, which you can increase in emu settings at cost of perfomance hit\r\n\r\nThis game is heavily CPU-cores dependant, you REALLY need at least 8 working threads for it\r\n\r\nSome emulator settings are CPU-dependant, so you should check them all and adjust accordingly to your configuration\r\n\r\nThe game supports local co-op with KBM & controllers plugged-in and configured in emulator settings\r\n\r\nRepack uses XTool library by Razor12911\r\n\r\nAt least 2 GB of free RAM (inc. virtual) required for installing this repa', 'https://i4.imageban.ru/out/2021/08/05/0e62b02cc7d0a25b7878669fee8996d1.jpg', 2, 2, '1', '2021-09-18 01:28:21', NULL),
(14, ' Photo Studio 2.5.6.6 PRO v2.5.6.6 APK MOD Patcher Download for Android مدفوع كامل\r\n\r\n', 'If you need a powerful image editing application, there aren’t really many applications that are better than Photo Studio PRO. So do you want to download this application to your phone to use?\r\nPhoto Studio PRO\r\n\r\nUsages\r\nPhoto Studio PRO is an excellent photo-editing application, and it is very well optimized for smartphones, especially for Android. This application gives you a lot of useful image editing tools that you can hardly find in applications of the same category. And it is also the highlight that makes this application used by many professional and amateur photographers. With this application, you can use it to edit almost all the photos you have on your device, regardless of the content of the photos. If you have ever used other photo editing applications, then surely you will have no difficulty using this application. Overall, the interface of this app is quite easy to use and get used to because all the special image editing features are integrated and encapsulated on the bottom edge of the screen. And when you click on some special features, a small window will pop up and give you a lot of different options corresponding to that feature. It can be said that this application not only gives you many professional image-editing features but also how to use it is very easy, even if you do not have any knowledge of photography.', 'https://image.winudf.com/v2/image1/Y29tLmt2YWRncm91cC5waG90b3N0dWRpb19zY3JlZW5fYXJfMV8xNTU1Njc0MTUwXzA2NQ/screen-1.jpg?fakeurl=1&type=.jpg', 1, 1, '1', '2021-09-18 01:47:12', NULL),
(15, ' VALORANT Mobile v1.0 APK - Download for Android 1.0 للاندرويد\r\n\r\n', ' levels with different weapons. At the same time, you will find some interesting points in the gameplay of this game when each character has different roles in the game. So this is an opportunity for players to show off their tactics to their teammates.\r\n\r\n\r\n\r\nEXPERIENCE A REALISTIC 3D ENVIRONMENT\r\nPlayers will enter a world designed in a slightly futuristic direction where many gun battles between many players take place. They will try to fulfill the goal that the game had set out before and introduced at the beginning. At the same time, the gameplay possesses attractive gameplay for many players and a diverse number of weapons. Surely any player will take the time to experience the world in the game and improve their shooting skills over time.\r\n\r\nPlayers will control the character from a first-person perspective and immerse themselves in the futuristic world of VALORANT Mobile. Like many other FPS games, players will take the time to grasp the control of this game because of the differentiation of the control buttons. With gameplay that combines some elements from CS: GO and Overwatch, players will find basic fire buttons and unique skills of each character. Therefore, reflex training in the game is a necessity', 'https://images.hdqwalls.com/download/sage-valorant-cl-480x854.jpg', 2, 1, '1', '2021-09-18 01:47:12', NULL),
(18, ' Getting Over It with Bennett Foddy v1.9.4 APK MOD Gravity/Speed - Download for Android 1.9.4 مهكرة للاندرويد\r\n\r\n', 'present. Most people know that the game is designed to provide players with entertainment, relaxation, and peace after fatigue hours. But there are also many games developed to stimulate a certain human emotion, such as fear, inhibition, anger, every human emotion.\r\n\r\nGetting Over It (with Bennett Foddy)\r\n\r\nOn all platforms exist, a game makes players angry and leads to a lot of violence; it is Getting Over It. The game is developed with sketch gameplay but applies a realistic physics mechanism, causing players to be careless and fail many attempts. It has appeared on the Android platform under the name Getting Over It with Bennett Foddy. Previously, it brought a bustling breeze and became famous in a short time thanks to its humorous gameplay. The player controls a guy stuck in a pot and must use a hammer to climb on top of a giant mountain and achieve his dream.\r\n\r\nGetting Over It (with Bennett Foddy)\r\n\r\nCLIMB TO THE TOP WITH YOUR ABILITIES\r\nThe gameplay does not have anything outstanding except that the player controls their characters to move in complicated terrain. However, climbing a mountain in a pot is not easy, but players will have to use a sledgehammer to cling, push, pull, and do anything to move. That makes this game so outstanding and funny when the player must smoothly and accurately control the hammer to move where needed. The game will have two control mechanisms: using joystick or touch, each with its precision, but still, ensure players can easily move their characters.\r\n\r\nGetting Over It (with Bennett Foddy)', 'https://encrypted-tbn0.gstatic.com/images?q=tbn:ANd9GcRQ55fWSfYp4zNRLnrmVjHk219C55VIDgzcVA&usqp=CAU', 17, 1, '1', '2021-09-18 01:47:12', NULL),
(19, ' War Robots for APKPure 3.3.2 for Android\r\n\r\n', 'تشكل War Robots لعبة متعددة اللاعبين مليئة بالتشويق، بفضل معارك الفرق 6 ضد 6 التي تقع في الوقت الحقيقي!اختبر لعبة War of Robots الحافلة بالتشويق!\r\n\r\n\r\n\r\nحان وقت الحرب يا قائد! هل أنت مستعد للهجمات المفاجئة والمناورات التكتيكية المعقّدة والخدع العديدة التي يخبئها لك خصومك؟ دمّر الرجال الآليين المنتمين لخصومك واحتلّ كل المنارات وقم بترقية أسلحتك لزيادة القوة الحربية لرجلك الآلي وسرعته وفترة صموده. أثبِت قدراتك في كل خريطة واستخدم استراتيجيات وتكتيكات مختلفة للفوز في المعركة!', 'https://encrypted-tbn0.gstatic.com/images?q=tbn:ANd9GcQBHm7ToztgMRsAiWk5MQC2zDBA9lI1A_30oStgFoZ4eEvzkC5RVTIHOHkk-LPZeCNKgzw&usqp=CAU', 1, 1, '1', '2021-09-18 01:47:12', NULL),
(20, ' War Machines Tank Battle - Army & Military Games 5.23.3 for Android\r\n\r\n', 'Choose your war tank, battle the enemy army and win the world war!\r\n\r\nWar Machines is the best free army game! Enter this world of epic battles and powerful tanks in realtime action against other top army stars. This military game is ', 'https://www.gafree.net/2012/2017/01/1-1.jpg', 2, 1, '1', '2021-09-18 01:47:12', NULL),
(23, ' Merge Mansion The Mansion Full of Mysteries 1.7.6 for Android\r\n\r\n', 'هذا الوصف ل Merge Mansion\r\nMaddie’s grandmother has something to tell. This mansion is full of stories unheard of! Help Maddie discover what her grandma has to reveal about the family\'s adventurous past.\r\n\r\n\r\n\r\nWipe off the dust and find new items, merge them into useful tools and earn surprising treasures. You never know what awaits behind the mansion\'s next corner.\r\n\r\n\r\n\r\nLet the mystery adventure begin! Run a full home makeover, go ahead and decorate your house just the way you always wanted. Unlock new areas within and around the Mansion, unveiling decade old family secrets on the way. With an abundant combination of items to discover and hundreds of engaging puzzles to solve, the Mansion makes sure it always has new secrets waiting for you.\r\n\r\nملفات التحميل', 'https://is1-ssl.mzstatic.com/image/thumb/PurpleSource124/v4/2e/c7/8e/2ec78e80-79d5-0b2d-6f7a-e481f5af5651/c29095eb-69fd-4fff-af64-67f2cdad4936_MM2_AppStoreScreenshot3_EN.png/392x696bb.png', 17, 1, '1', '2021-09-18 01:47:12', NULL),
(25, ' Adobe Illustrator 2021 v25.4.1 ماك\r\n\r\n', ' designers and artists use Illustrator to create everything from web icons and product packaging to book illustrations and billboards.\r\n\r\nIconic work at any size.\r\n\r\nGet all the drawing tools you need to turn simple shapes and colors into sophisticated logos, icons, and graphics. Illustrator artwork is vector-based, so it can scale down for mobile screens and up to billboard size — and always look crisp and beautiful.\r\n\r\nGorgeous typography that says it all.\r\n\r\nIncorporate a company name into a logo, create a flyer, or mock up a website design with the best type tools out there. Add effects, manage styles, and edit individual characters to create typographic designs that perfectly express your messages.\r\n\r\nDraw attention everywhere.\r\n\r\nCreate freehand drawings, or trace and re-color imported photos to turn them into works of art. Use your illustrations anywhere, including printed pieces, presentations, websites, blogs, and social media.\r\n\r\nFast asset export for screens\r\n\r\nSelect assets from your artboards and export them to multiple sizes, resolutions, and formats with one click.\r\n\r\nPuppet Warp\r\n\r\nModify a graphic naturally, without having to adjust individual paths or anchor points.\r\n\r\nSVG Color Fonts\r\n\r\nDesign with SVG OpenType fonts that include multiple colors, gradients, and transparencies.\r\n\r\nArtboard enhancements\r\n\r\nCreate up to a thousand artboards on your canvas, and select multiple artboards at one time to move, resize, and more.\r\n\r\nWhat’s New:\r\n\r\nVersion 25.0:\r\n\r\nNote: The downloadable file is an installer that will install the product when opened.\r\n\r\nFixed issues:\r\n\r\nEast-Asian Type – When the Units> Type preference is set to Q, font size cannot be set properly on using the up and down buttons or on typing the size value\r\nUpon changing UI scaling from Edit > Preferences > User Interface, all drop-down lists in the app interface show inverted\r\nRemoved feature in-app tours from Illustrator to help you focus on your creative work\r\nWhen the Layers panel is open, Illustrator crashes on changing the gradient color\r\nLanguage: Multilangual\r\n\r\nCompatibility: macOS 10.14 or later, 64-bit processor\r\n\r\nHomepage https://www.adobe.co', 'https://i.vnimg.com/wp-content/uploads/2019/10/Illustrator.jpg', 2, 3, '1', '2021-09-18 02:01:10', NULL),
(76, 'hello Guys', '\nmolestiae quas vel sint commodi repudiandae consequuntur voluptatum laborum\nnumquam blanditiis harum quisquam eius sed odit fugiat iusto fuga praesentium\noptio, eaque rerum! Provident similique accusantium nemo autem. Veritatis\nobcaecati tenetur iure eius earum ut molestias architecto voluptate aliquam\nnihil, eveniet aliquid culpa officia aut! Impedit sit sunt quaerat, odit,\ntenetur error, harum nesciunt ipsum debitis quas aliquid. Reprehenderit,\n', 'https://images.unsplash.com/photo-1634096384757-c034cf28be3a?ixid=MnwxMjA3fDB8MHxwaG90by1wYWdlfHx8fGVufDB8fHx8&amp;ixlib=rb-1.2.1&amp;auto=format&amp;fit=crop&amp;w=687&amp;q=80', 1, 3, '1', '2021-10-17 00:10:47', NULL),
(77, 'dsdfsdfsdfsdfsdfsdfsdfsdf', 'dadasdasdaaaaaaaaadasdasd', 'https://images.unsplash.com/photo-1627844718626-4c6b963baac0?ixid=MnwxMjA3fDB8MHxwaG90by1wYWdlfHx8fGVufDB8fHx8&amp;ixlib=rb-1.2.1&amp;auto=format&amp;fit=crop&amp;w=764&amp;q=80', 1, 3, '1', '2021-10-17 00:10:34', NULL),
(78, 'ssdadadada', 'adsdasdasdasd', 'https://images.unsplash.com/photo-1627844718626-4c6b963baac0?ixid=MnwxMjA3fDB8MHxwaG90by1wYWdlfHx8fGVufDB8fHx8&amp;ixlib=rb-1.2.1&amp;auto=format&amp;fit=crop&amp;w=764&amp;q=80', 6, 2, '1', '2021-10-17 00:10:38', NULL),
(79, 'pubg mobile', 'dsasdasdasdasdasdasdasdasdasdasdasdasdsadddddddddddddddddddddddddddddddddddddddddddddddd', 'data:image/jpeg;base64,/9j/4AAQSkZJRgABAQAAAQABAAD/2wCEAAoHCBQVFBgUFRQZGRgaGyQbGhoaGh0kJBskJB8kJCQtIyMkKjYvJCs3KiMjMUIxNjw9PD08JDFARkI8RzY8PDkBCwsLEA8QGRISHDEiGyI+NT4xMTE9NDY2Pj41MTExNTY3MTExPj4xMzExMTE/PjE+PjE/MTE/Pz8+Pz82PDM3NP/AABEIAMgAyAMBIgACEQEDEQH/', 1, 2, '1', '2021-11-08 21:11:30', NULL),
(80, 'dsfsdfsdfsdfsdsdfsdf', 'sdfsdfdsfsdfsdfsdfsdfsdfsdfsdfsdfsdfsfsdfffffffffffffffffffffffffffffffffffffffffffffffffffffffffffffffffffffffff', 'https://images.unsplash.com/photo-1632227891949-23c8597a9aea?ixid=MnwxMjA3fDB8MHxwaG90by1wYWdlfHx8fGVufDB8fHx8&amp;ixlib=rb-1.2.1&amp;auto=format&amp;fit=crop&amp;w=687&amp;q=80', 1, 2, '1', '2021-11-08 21:11:56', NULL),
(81, 'dsfsdfsdfasdfsdfasdfa', 'dsfasfasdfasdfasdfasdfadsfasddalkgfjs;dlfkgj;slkdfjglksdjfgl;skjgklsjdfg;lkjdfgl;jks;ldfkjg;lsdkfjg;lsd', 'https://images.unsplash.com/photo-1636321088117-620d40fb5ccd?ixid=MnwxMjA3fDB8MHxwaG90by1wYWdlfHx8fGVufDB8fHx8&amp;ixlib=rb-1.2.1&amp;auto=format&amp;fit=crop&amp;w=664&amp;q=80', 17, 2, '1', '2021-11-08 21:11:06', NULL);

-- --------------------------------------------------------

--
-- Table structure for table `users`
--

CREATE TABLE `users` (
  `ID` int(11) NOT NULL,
  `username` varchar(255) NOT NULL,
  `email` varchar(255) NOT NULL,
  `password` varchar(255) NOT NULL,
  `status` enum('Block','Active') NOT NULL,
  `role` enum('user','admin') NOT NULL,
  `create_at` timestamp NULL DEFAULT NULL,
  `update_at` timestamp NULL DEFAULT NULL,
  `image` text DEFAULT NULL,
  `wallpaper` text DEFAULT NULL
) ENGINE=InnoDB DEFAULT CHARSET=utf8;

--
-- Dumping data for table `users`
--

INSERT INTO `users` (`ID`, `username`, `email`, `password`, `status`, `role`, `create_at`, `update_at`, `image`, `wallpaper`) VALUES
(1, 'saif Jamal', 'saif@gmail.com', '12345678', 'Active', 'admin', '2021-09-12 19:55:45', NULL, 'https://images.unsplash.com/flagged/photo-1570612861542-284f4c12e75f?ixid=MnwxMjA3fDB8MHxwaG90by1wYWdlfHx8fGVufDB8fHx8&ixlib=rb-1.2.1&auto=format&fit=crop&w=1050&q=80', 'https://images.unsplash.com/photo-1636167873679-b443de299169?ixid=MnwxMjA3fDB8MHxwaG90by1wYWdlfHx8fGVufDB8fHx8&ixlib=rb-1.2.1&auto=format&fit=crop&w=764&q=80'),
(2, 'Ahmed', 'ahmed@gmail.com', '1234567', 'Active', 'user', '2021-09-12 19:57:06', NULL, 'https://images.unsplash.com/photo-1552058544-f2b08422138a?ixid=MnwxMjA3fDB8MHxwaG90by1wYWdlfHx8fGVufDB8fHx8&ixlib=rb-1.2.1&auto=format&fit=crop&w=644&q=80', 'https://images.unsplash.com/photo-1627844718626-4c6b963baac0?ixid=MnwxMjA3fDB8MHxwaG90by1wYWdlfHx8fGVufDB8fHx8&ixlib=rb-1.2.1&auto=format&fit=crop&w=764&q=80'),
(6, 'Salma Ahmed', 'Salma@gmail.com', '123456', 'Active', 'user', '2021-09-13 23:22:30', NULL, 'https://images.unsplash.com/photo-1491349174775-aaafddd81942?ixid=MnwxMjA3fDB8MHxwaG90by1wYWdlfHx8fGVufDB8fHx8&ixlib=rb-1.2.1&auto=format&fit=crop&w=634&q=80', 'https://images.unsplash.com/photo-1634125789353-24160fd57875?ixid=MnwxMjA3fDB8MHxwaG90by1wYWdlfHx8fGVufDB8fHx8&ixlib=rb-1.2.1&auto=format&fit=crop&w=735&q=80'),
(17, 'Ahmed Hatem', 'ahmedHatem@gmail.com', '43543534534', 'Active', 'admin', '2021-09-14 01:25:07', NULL, 'https://images.unsplash.com/photo-1599566150163-29194dcaad36?ixid=MnwxMjA3fDB8MHxwaG90by1wYWdlfHx8fGVufDB8fHx8&ixlib=rb-1.2.1&auto=format&fit=crop&w=634&q=80', 'https://images.unsplash.com/photo-1633945396831-286eeee53a4b?ixid=MnwxMjA3fDB8MHxwaG90by1wYWdlfHx8fGVufDB8fHx8&ixlib=rb-1.2.1&auto=format&fit=crop&w=688&q=80'),
(28, 'abd Joad', 'abdjoad@jmail.com', '998877', 'Active', 'user', '2021-09-18 01:09:50', '0000-00-00 00:00:00', 'https://images.unsplash.com/photo-1596700227860-03590ad3a755?ixid=MnwxMjA3fDB8MHxwaG90by1wYWdlfHx8fGVufDB8fHx8&amp;ixlib=rb-1.2.1&amp;auto=format&amp;fit=crop&amp;w=634&amp;q=80', 'https://images.unsplash.com/photo-1614339348877-f12765b1fda0?ixid=MnwxMjA3fDB8MHxwaG90by1wYWdlfHx8fGVufDB8fHx8&ixlib=rb-1.2.1&auto=format&fit=crop&w=690&q=80'),
(29, 'Saif Mohamed', 'saifmohamed@gmail.com', '2132342423', 'Active', 'user', '2021-09-18 12:09:02', '0000-00-00 00:00:00', 'https://images.unsplash.com/photo-1555952517-2e8e729e0b44?ixid=MnwxMjA3fDB8MHxwaG90by1wYWdlfHx8fGVufDB8fHx8&amp;ixlib=rb-1.2.1&amp;auto=format&amp;fit=crop&amp;w=700&amp;q=80', 'https://images.unsplash.com/photo-1614667478409-8fb5b1c2b60d?ixid=MnwxMjA3fDB8MHxwaG90by1wYWdlfHx8fGVufDB8fHx8&ixlib=rb-1.2.1&auto=format&fit=crop&w=690&q=80'),
(31, 'sami yusf', 'sami@gmail.com', '11223344', 'Active', 'admin', '2021-09-18 12:09:05', '0000-00-00 00:00:00', 'https://images.unsplash.com/photo-1504593811423-6dd665756598?ixid=MnwxMjA3fDB8MHxwaG90by1wYWdlfHx8fGVufDB8fHx8&amp;ixlib=rb-1.2.1&amp;auto=format&amp;fit=crop&amp;w=1000&amp;q=80', 'https://images.unsplash.com/photo-1634158930632-5fe117ef3574?ixid=MnwxMjA3fDB8MHxwaG90by1wYWdlfHx8fGVufDB8fHx8&ixlib=rb-1.2.1&auto=format&fit=crop&w=736&q=80'),
(38, 'saif SAIF', 'saifSAIF@gmail.com', '12121212', 'Active', 'user', '2021-11-08 21:11:14', '0000-00-00 00:00:00', 'https://images.unsplash.com/photo-1636291237920-a7c56acdfb80?ixid=MnwxMjA3fDB8MHxwaG90by1wYWdlfHx8fGVufDB8fHx8&amp;ixlib=rb-1.2.1&amp;auto=format&amp;fit=crop&amp;w=765&amp;q=80', ''),
(39, 'mohammedMOH', 'mohammedMOH@gmail.com', '111122223', 'Active', 'admin', '2021-11-08 21:11:19', '0000-00-00 00:00:00', 'https://images.unsplash.com/photo-1575080799342-8ed1cadbc5c0?ixid=MnwxMjA3fDB8MHxwaG90by1wYWdlfHx8fGVufDB8fHx8&amp;ixlib=rb-1.2.1&amp;auto=format&amp;fit=crop&amp;w=687&amp;q=80', '');

--
-- Indexes for dumped tables
--

--
-- Indexes for table `categories`
--
ALTER TABLE `categories`
  ADD PRIMARY KEY (`ID`);

--
-- Indexes for table `comments`
--
ALTER TABLE `comments`
  ADD PRIMARY KEY (`ID`),
  ADD KEY `post_id` (`post_id`),
  ADD KEY `user_id` (`user_id`);

--
-- Indexes for table `posts`
--
ALTER TABLE `posts`
  ADD PRIMARY KEY (`ID`),
  ADD KEY `categories_id` (`categories_id`),
  ADD KEY `posts_ibfk_1` (`user_id`);

--
-- Indexes for table `users`
--
ALTER TABLE `users`
  ADD PRIMARY KEY (`ID`);

--
-- AUTO_INCREMENT for dumped tables
--

--
-- AUTO_INCREMENT for table `categories`
--
ALTER TABLE `categories`
  MODIFY `ID` int(11) NOT NULL AUTO_INCREMENT, AUTO_INCREMENT=7;

--
-- AUTO_INCREMENT for table `comments`
--
ALTER TABLE `comments`
  MODIFY `ID` int(11) NOT NULL AUTO_INCREMENT, AUTO_INCREMENT=8;

--
-- AUTO_INCREMENT for table `posts`
--
ALTER TABLE `posts`
  MODIFY `ID` int(11) NOT NULL AUTO_INCREMENT, AUTO_INCREMENT=82;

--
-- AUTO_INCREMENT for table `users`
--
ALTER TABLE `users`
  MODIFY `ID` int(11) NOT NULL AUTO_INCREMENT, AUTO_INCREMENT=40;

--
-- Constraints for dumped tables
--

--
-- Constraints for table `comments`
--
ALTER TABLE `comments`
  ADD CONSTRAINT `comments_ibfk_1` FOREIGN KEY (`post_id`) REFERENCES `posts` (`ID`) ON DELETE CASCADE ON UPDATE CASCADE,
  ADD CONSTRAINT `comments_ibfk_2` FOREIGN KEY (`user_id`) REFERENCES `users` (`ID`) ON DELETE CASCADE ON UPDATE CASCADE;

--
-- Constraints for table `posts`
--
ALTER TABLE `posts`
  ADD CONSTRAINT `posts_ibfk_1` FOREIGN KEY (`user_id`) REFERENCES `users` (`ID`) ON DELETE CASCADE ON UPDATE CASCADE,
  ADD CONSTRAINT `posts_ibfk_2` FOREIGN KEY (`categories_id`) REFERENCES `categories` (`ID`) ON DELETE CASCADE ON UPDATE CASCADE;
COMMIT;

/*!40101 SET CHARACTER_SET_CLIENT=@OLD_CHARACTER_SET_CLIENT */;
/*!40101 SET CHARACTER_SET_RESULTS=@OLD_CHARACTER_SET_RESULTS */;
/*!40101 SET COLLATION_CONNECTION=@OLD_COLLATION_CONNECTION */;
